<?xml version="1.0" encoding="UTF-8"?>
<project-private xmlns="http://www.netbeans.org/ns/project-private/1">
    <editor-bookmarks xmlns="http://www.netbeans.org/ns/editor-bookmarks/2" lastBookmarkId="0"/>
    <open-files xmlns="http://www.netbeans.org/ns/projectui-open-files/2">
        <group>
            <file>file:/C:/Users/Cliente/Documents/Programas_java_Jeferson_aulas/Abstract%20Factory/AbstractFactorySolucao/src/abstractfactorysolucao/AbstractFactorySolucao.java</file>
            <file>file:/C:/Users/Cliente/Documents/Programas_java_Jeferson_aulas/Abstract%20Factory/AbstractFactorySolucao/src/boleto/configuraDesconto/BBDesconto.java</file>
            <file>file:/C:/Users/Cliente/Documents/Programas_java_Jeferson_aulas/Abstract%20Factory/AbstractFactorySolucao/src/boleto/configuraDesconto/CaixaDesconto.java</file>
            <file>file:/C:/Users/Cliente/Documents/Programas_java_Jeferson_aulas/Abstract%20Factory/AbstractFactorySolucao/src/boleto/configuraDesconto/Desconto.java</file>
            <file>file:/C:/Users/Cliente/Documents/Programas_java_Jeferson_aulas/Abstract%20Factory/AbstractFactorySolucao/src/boleto/configuraJuros/BBJuros.java</file>
            <file>file:/C:/Users/Cliente/Documents/Programas_java_Jeferson_aulas/Abstract%20Factory/AbstractFactorySolucao/src/boleto/configuraJuros/CaixaJuros.java</file>
            <file>file:/C:/Users/Cliente/Documents/Programas_java_Jeferson_aulas/Abstract%20Factory/AbstractFactorySolucao/src/boleto/configuraJuros/Juros.java</file>
            <file>file:/C:/Users/Cliente/Documents/Programas_java_Jeferson_aulas/Abstract%20Factory/AbstractFactorySolucao/src/boleto/configuraMulta/BBMulta.java</file>
            <file>file:/C:/Users/Cliente/Documents/Programas_java_Jeferson_aulas/Abstract%20Factory/AbstractFactorySolucao/src/boleto/configuraMulta/CaixaMulta.java</file>
            <file>file:/C:/Users/Cliente/Documents/Programas_java_Jeferson_aulas/Abstract%20Factory/AbstractFactorySolucao/src/boleto/configuraMulta/Multa.java</file>
            <file>file:/C:/Users/Cliente/Documents/Programas_java_Jeferson_aulas/Abstract%20Factory/AbstractFactorySolucao/src/boleto/familia/CaixaCalculosFactory.java</file>
            <file>file:/C:/Users/Cliente/Documents/Programas_java_Jeferson_aulas/Abstract%20Factory/AbstractFactorySolucao/src/boleto/familia/BBCalculosFactory.java</file>
            <file>file:/C:/Users/Cliente/Documents/Programas_java_Jeferson_aulas/Abstract%20Factory/AbstractFactorySolucao/src/boleto/familia/CalculosFactory.java</file>
            <file>file:/C:/Users/Cliente/Documents/Programas_java_Jeferson_aulas/Abstract%20Factory/AbstractFactorySolucao/src/boletoo/Banco.java</file>
            <file>file:/C:/Users/Cliente/Documents/Programas_java_Jeferson_aulas/Abstract%20Factory/AbstractFactorySolucao/src/boletoo/Boleto.java</file>
        </group>
    </open-files>
</project-private>
